team,name,number,position,url,mugshot
LARRY MUYANG,PHOENIX FUEL MASTERS,#1,C,https://www.pba.ph/players/larry-muyang,https://dashboard.pba.ph/assets/players/Muyang.png
ENCHO SERRANO,PHOENIX FUEL MASTERS,#18,G,https://www.pba.ph/players/encho-serrano,https://dashboard.pba.ph/assets/players/Serrano.png
KEVIN BARKLEY EBONA,BLACKWATER ELITE,#8,C,https://www.pba.ph/players/kevin-barkley-ebona,https://dashboard.pba.ph/assets/players/Ebona.jpg
REY NAMBATAC,RAIN OR SHINE ELASTOPAINTERS,#27,G,https://www.pba.ph/players/rey-nambatac,https://dashboard.pba.ph/assets/players/Nambatac-ros.png
KUN SI,BAY AREA DRAGONS,#6,,https://www.pba.ph/players/kun-si,https://dashboard.pba.ph/assets/players/Si-Kun.png
REY NAMBATAC,RAIN OR SHINE ELASTOPAINTERS,#27,G,https://www.pba.ph/players/rey-nambatac,https://dashboard.pba.ph/assets/players/Nambatac-ros.png
KUN SI,BAY AREA DRAGONS,#6,,https://www.pba.ph/players/kun-si,https://dashboard.pba.ph/assets/players/Si-Kun.png
WILLIAM NAVARRO,NORTH PORT BATANG PIER,#23,C,https://www.pba.ph/players/william-navarro,https://dashboard.pba.ph/assets/players/noimage.png
JIANHUA SONG,BAY AREA DRAGONS,#16,,https://www.pba.ph/players/jianhua-song,https://dashboard.pba.ph/assets/players/Song-Jinhua1.png
WILLIAM NAVARRO,NORTH PORT BATANG PIER,#23,C,https://www.pba.ph/players/william-navarro,https://dashboard.pba.ph/assets/players/noimage.png
JIANHUA SONG,BAY AREA DRAGONS,#16,,https://www.pba.ph/players/jianhua-song,https://dashboard.pba.ph/assets/players/Song-Jinhua1.png
MARK DYKE,BLACKWATER ELITE,#7,F,https://www.pba.ph/players/mark-dyke,https://dashboard.pba.ph/assets/players/bwe-dyke2022a.png
ANDREW FABIAN NICHOLSON,BAY AREA DRAGONS,#44,,https://www.pba.ph/players/andrew-fabian-nicholson,https://dashboard.pba.ph/assets/players/Andrew-Nicholson.png
RAUL SOYUD,TNT TROPANG GIGA,#44,C,https://www.pba.ph/players/raul-soyud,https://dashboard.pba.ph/assets/players/Soyud.png
ANDREW FABIAN NICHOLSON,BAY AREA DRAGONS,#44,,https://www.pba.ph/players/andrew-fabian-nicholson,https://dashboard.pba.ph/assets/players/Andrew-Nicholson.png
RAUL SOYUD,TNT TROPANG GIGA,#44,C,https://www.pba.ph/players/raul-soyud,https://dashboard.pba.ph/assets/players/Soyud.png
MATTHEW NIETO,NLEX ROAD WARRIORS,#31,g,https://www.pba.ph/players/matthew-nieto,https://dashboard.pba.ph/assets/players/Nieto.png
CHRISTIAN STANDHARDINGER,BARANGAY GINEBRA SAN MIGUEL,#34,C,https://www.pba.ph/players/christian-standhardinger,https://dashboard.pba.ph/assets/players/gin-standhardinger-c2022.png
MARK DYKE,BLACKWATER ELITE,#7,F,https://www.pba.ph/players/mark-dyke,https://dashboard.pba.ph/assets/players/bwe-dyke2022a.png
MATTHEW NIETO,NLEX ROAD WARRIORS,#31,g,https://www.pba.ph/players/matthew-nieto,https://dashboard.pba.ph/assets/players/Nieto.png
CHRISTIAN STANDHARDINGER,BARANGAY GINEBRA SAN MIGUEL,#34,C,https://www.pba.ph/players/christian-standhardinger,https://dashboard.pba.ph/assets/players/gin-standhardinger-c2022.png
SIMON ENCISO,SAN MIGUEL BEERMEN,#0,G,https://www.pba.ph/players/simon-enciso,https://dashboard.pba.ph/assets/players/Enciso.jpg
MIKE NIETO,RAIN OR SHINE ELASTOPAINTERS,#7,,https://www.pba.ph/players/mike-nieto,https://dashboard.pba.ph/assets/players/MikeNieto-ros.png
ALEC STOCKTON,CONVERGE FIBERXERS,#12,F,https://www.pba.ph/players/alec-stockton,https://dashboard.pba.ph/assets/players/Stockton.jpg
MIKE NIETO,RAIN OR SHINE ELASTOPAINTERS,#7,,https://www.pba.ph/players/mike-nieto,https://dashboard.pba.ph/assets/players/MikeNieto-ros.png
ALEC STOCKTON,CONVERGE FIBERXERS,#12,F,https://www.pba.ph/players/alec-stockton,https://dashboard.pba.ph/assets/players/Stockton.jpg
ANDY MARK BARROCA,MAGNOLIA CHICKEN TIMPLADOS HOTSHOTS,#14,G,https://www.pba.ph/players/andy-mark-barroca,https://dashboard.pba.ph/assets/players/mag-barroca-2022.png
BEAU BELGA,RAIN OR SHINE ELASTOPAINTERS,#30,C,https://www.pba.ph/players/beau-belga,https://dashboard.pba.ph/assets/players/Belga-ros.png
BEAU BELGA,RAIN OR SHINE ELASTOPAINTERS,#30,C,https://www.pba.ph/players/beau-belga,https://dashboard.pba.ph/assets/players/Belga-ros.png
GABE NORWOOD,RAIN OR SHINE ELASTOPAINTERS,#5,F,https://www.pba.ph/players/gabe-norwood,https://dashboard.pba.ph/assets/players/Norwood-ros.png
REY SUERTE,BLACKWATER ELITE,#4,G,https://www.pba.ph/players/rey-suerte,https://dashboard.pba.ph/assets/players/Suerte.jpg
ANDY MARK BARROCA,MAGNOLIA CHICKEN TIMPLADOS HOTSHOTS,#14,G,https://www.pba.ph/players/andy-mark-barroca,https://dashboard.pba.ph/assets/players/mag-barroca-2022.png
GABE NORWOOD,RAIN OR SHINE ELASTOPAINTERS,#5,F,https://www.pba.ph/players/gabe-norwood,https://dashboard.pba.ph/assets/players/Norwood-ros.png
REY SUERTE,BLACKWATER ELITE,#4,G,https://www.pba.ph/players/rey-suerte,https://dashboard.pba.ph/assets/players/Suerte.jpg
CALVIN OFTANA,TNT TROPANG GIGA,#8,F,https://www.pba.ph/players/calvin-oftana,https://dashboard.pba.ph/assets/players/Oftana.png
SHEJ ROI SUMANG,NORTH PORT BATANG PIER,#6,G,https://www.pba.ph/players/shej-roi-sumang,https://dashboard.pba.ph/assets/players/Sumang.jpg
CALVIN OFTANA,TNT TROPANG GIGA,#8,F,https://www.pba.ph/players/calvin-oftana,https://dashboard.pba.ph/assets/players/Oftana.png
SHEJ ROI SUMANG,NORTH PORT BATANG PIER,#6,G,https://www.pba.ph/players/shej-roi-sumang,https://dashboard.pba.ph/assets/players/Sumang.jpg
KEVIN BARKLEY EBONA,BLACKWATER ELITE,#8,C,https://www.pba.ph/players/kevin-barkley-ebona,https://dashboard.pba.ph/assets/players/Ebona.jpg
SIDNEY ONWUBERE,BARANGAY GINEBRA SAN MIGUEL,#27,F,https://www.pba.ph/players/sidney-onwubere,https://dashboard.pba.ph/assets/players/gin-onwubere-s2022.png
YOUSEF TAHA,BLACKWATER ELITE,#55,C,https://www.pba.ph/players/yousef-taha,https://dashboard.pba.ph/assets/players/Taha.jpg
RAYMOND ALMAZAN,MERALCO BOLTS,#20,C,https://www.pba.ph/players/raymond-almazan,https://dashboard.pba.ph/assets/players/Almazan.jpg
SIDNEY ONWUBERE,BARANGAY GINEBRA SAN MIGUEL,#27,F,https://www.pba.ph/players/sidney-onwubere,https://dashboard.pba.ph/assets/players/gin-onwubere-s2022.png
YOUSEF TAHA,BLACKWATER ELITE,#55,C,https://www.pba.ph/players/yousef-taha,https://dashboard.pba.ph/assets/players/Taha.jpg
KENNETH IGHALO,NLEX ROAD WARRIORS,#17,G,https://www.pba.ph/players/kenneth-ighalo,https://dashboard.pba.ph/assets/players/Ighalo.png
MER JESPER AYAAY,NORTH PORT BATANG PIER,#25,G,https://www.pba.ph/players/mer-jesper-ayaay,https://dashboard.pba.ph/assets/players/Ayaay.jpg
NARD JOHN PINTO,BARANGAY GINEBRA SAN MIGUEL,#17,G,https://www.pba.ph/players/nard-john-pinto,https://dashboard.pba.ph/assets/players/gin-pinto-n2022.png
GABRIEL BANAL,BLACKWATER ELITE,#77,G,https://www.pba.ph/players/gabriel-banal,https://dashboard.pba.ph/assets/players/Banal.jpg
REGILE KENT ILAGAN,CONVERGE FIBERXERS,#0,P,https://www.pba.ph/players/regile-kent-ilagan,https://dashboard.pba.ph/assets/players/Ilagan.jpg
ROGER POGOY,TNT TROPANG GIGA,#16,F,https://www.pba.ph/players/roger-pogoy,https://dashboard.pba.ph/assets/players/tnt-pogoy2022b.png
CHRISTIAN BALAGASAY,TERRAFIRMA DYIP,#30,F,https://www.pba.ph/players/christian-balagasay,https://dashboard.pba.ph/assets/players/Balagasay_copy.png
REGILE KENT ILAGAN,CONVERGE FIBERXERS,#0,P,https://www.pba.ph/players/regile-kent-ilagan,https://dashboard.pba.ph/assets/players/Ilagan.jpg
ROGER POGOY,TNT TROPANG GIGA,#16,F,https://www.pba.ph/players/roger-pogoy,https://dashboard.pba.ph/assets/players/tnt-pogoy2022b.png
MER JESPER AYAAY,NORTH PORT BATANG PIER,#25,G,https://www.pba.ph/players/mer-jesper-ayaay,https://dashboard.pba.ph/assets/players/Ayaay.jpg
CHRIS BANCHERO,MERALCO BOLTS,#6,G,https://www.pba.ph/players/chris-banchero,https://dashboard.pba.ph/assets/players/Banchero.jpg
ARIS DIONISIO,MAGNOLIA CHICKEN TIMPLADOS HOTSHOTS,#57,C,https://www.pba.ph/players/aris-dionisio,https://dashboard.pba.ph/assets/players/mag-dionisio-2022.png
SHAUN ILDEFONSO,RAIN OR SHINE ELASTOPAINTERS,#10,G,https://www.pba.ph/players/shaun-ildefonso,https://dashboard.pba.ph/assets/players/Ildefonso-ros.png
JEWEL PONFERADA,RAIN OR SHINE ELASTOPAINTERS,#15,F,https://www.pba.ph/players/jewel-ponferada,https://dashboard.pba.ph/assets/players/Ponferrada-ros.png
SHAUN ILDEFONSO,RAIN OR SHINE ELASTOPAINTERS,#10,G,https://www.pba.ph/players/shaun-ildefonso,https://dashboard.pba.ph/assets/players/Ildefonso-ros.png
ANTONIO JOSE CARAM,MERALCO BOLTS,#17,G,https://www.pba.ph/players/antonio-jose-caram,https://dashboard.pba.ph/assets/players/carram-2022.png
JEWEL PONFERADA,RAIN OR SHINE ELASTOPAINTERS,#15,F,https://www.pba.ph/players/jewel-ponferada,https://dashboard.pba.ph/assets/players/Ponferrada-ros.png
TREVIS JACKSON,BLACKWATER ELITE,#1,G,https://www.pba.ph/players/trevis-jackson,https://dashboard.pba.ph/assets/players/ros-Jackson2022.png
JERRICK BALANZA,NORTH PORT BATANG PIER,#7,G,https://www.pba.ph/players/jerrick-balanza,https://dashboard.pba.ph/assets/players/Balanza.jpg
MYLES BLAKE POWELL,BAY AREA DRAGONS,#13,,https://www.pba.ph/players/myles-blake-powell,https://dashboard.pba.ph/assets/players/Myles-Powell.png
JVEE CASIO,BLACKWATER ELITE,#6,G,https://www.pba.ph/players/jvee-casio,https://dashboard.pba.ph/assets/players/Casio.jpg
CHRISTIAN BALAGASAY,TERRAFIRMA DYIP,#30,F,https://www.pba.ph/players/christian-balagasay,https://dashboard.pba.ph/assets/players/Balagasay_copy.png
TREVIS JACKSON,BLACKWATER ELITE,#1,G,https://www.pba.ph/players/trevis-jackson,https://dashboard.pba.ph/assets/players/ros-Jackson2022.png
MYLES BLAKE POWELL,BAY AREA DRAGONS,#13,,https://www.pba.ph/players/myles-blake-powell,https://dashboard.pba.ph/assets/players/Myles-Powell.png
JIO JALALON,MAGNOLIA CHICKEN TIMPLADOS HOTSHOTS,#6,G,https://www.pba.ph/players/jio-jalalon,https://dashboard.pba.ph/assets/players/mag-jalalon-2022.png
CHRIS BANCHERO,MERALCO BOLTS,#6,G,https://www.pba.ph/players/chris-banchero,https://dashboard.pba.ph/assets/players/Banchero.jpg
STANLEY JR. PRINGLE,BARANGAY GINEBRA SAN MIGUEL,#11,G,https://www.pba.ph/players/stanley-jr.-pringle,https://dashboard.pba.ph/assets/players/gin-pringle-s2022.png
JERRICK BALANZA,NORTH PORT BATANG PIER,#7,G,https://www.pba.ph/players/jerrick-balanza,https://dashboard.pba.ph/assets/players/Balanza.jpg
WILLIAM JAYSON CASTRO,TNT TROPANG GIGA,#17,G,https://www.pba.ph/players/william-jayson-castro,https://dashboard.pba.ph/assets/players/Castro.jpg
JIO JALALON,MAGNOLIA CHICKEN TIMPLADOS HOTSHOTS,#6,G,https://www.pba.ph/players/jio-jalalon,https://dashboard.pba.ph/assets/players/mag-jalalon-2022.png
STANLEY JR. PRINGLE,BARANGAY GINEBRA SAN MIGUEL,#11,G,https://www.pba.ph/players/stanley-jr.-pringle,https://dashboard.pba.ph/assets/players/gin-pringle-s2022.png
JVEE CASIO,BLACKWATER ELITE,#6,G,https://www.pba.ph/players/jvee-casio,https://dashboard.pba.ph/assets/players/Casio.jpg
NICO PAOLO JAVELONA,TERRAFIRMA DYIP,#9,G,https://www.pba.ph/players/nico-paolo-javelona,https://dashboard.pba.ph/assets/players/Nor-javelona2018.png
MAVERICK AHANMISI,CONVERGE FIBERXERS,#13,G,https://www.pba.ph/players/maverick-ahanmisi,https://dashboard.pba.ph/assets/players/Ahanmisi.jpg
LESTER PROSPER,TERRAFIRMA DYIP,#25,P,https://www.pba.ph/players/lester-prosper,https://dashboard.pba.ph/assets/players/noimage.png
ANTONIO JOSE CARAM,MERALCO BOLTS,#17,G,https://www.pba.ph/players/antonio-jose-caram,https://dashboard.pba.ph/assets/players/carram-2022.png
JERRICK AHANMISI,MAGNOLIA CHICKEN TIMPLADOS HOTSHOTS,#2,G,https://www.pba.ph/players/jerrick-ahanmisi,https://dashboard.pba.ph/assets/players/mag-ahanmisi-2021.png
NICO PAOLO JAVELONA,TERRAFIRMA DYIP,#9,G,https://www.pba.ph/players/nico-paolo-javelona,https://dashboard.pba.ph/assets/players/Nor-javelona2018.png
LESTER PROSPER,TERRAFIRMA DYIP,#25,P,https://www.pba.ph/players/lester-prosper,https://dashboard.pba.ph/assets/players/noimage.png
GABRIEL BANAL,BLACKWATER ELITE,#77,G,https://www.pba.ph/players/gabriel-banal,https://dashboard.pba.ph/assets/players/Banal.jpg
RJ JAZUL,PHOENIX FUEL MASTERS,#13,G,https://www.pba.ph/players/rj-jazul,https://dashboard.pba.ph/assets/players/Jazul.png
JAPETH AGUILAR,BARANGAY GINEBRA SAN MIGUEL,#25,F,https://www.pba.ph/players/japeth-aguilar,https://dashboard.pba.ph/assets/players/gin-aguilar-jap2022.png
JAYJAY ALEJANDRO,TNT TROPANG GIGA,#20,G,https://www.pba.ph/players/jayjay-alejandro,https://dashboard.pba.ph/assets/players/Alejandro.jpg
JR QUINAHAN,NLEX ROAD WARRIORS,#37,F,https://www.pba.ph/players/jr-quinahan,https://dashboard.pba.ph/assets/players/Quinahan.png
ANTON ASISTIO,RAIN OR SHINE ELASTOPAINTERS,#8,G,https://www.pba.ph/players/anton-asistio,https://dashboard.pba.ph/assets/players/Asistio-ros2.png
RJ JAZUL,PHOENIX FUEL MASTERS,#13,G,https://www.pba.ph/players/rj-jazul,https://dashboard.pba.ph/assets/players/Jazul.png
JR QUINAHAN,NLEX ROAD WARRIORS,#37,F,https://www.pba.ph/players/jr-quinahan,https://dashboard.pba.ph/assets/players/Quinahan.png
JUSTIN ARANA,CONVERGE FIBERXERS,#15,C,https://www.pba.ph/players/justin-arana,https://dashboard.pba.ph/assets/players/Arana.jpg
BASER AMER,BLACKWATER ELITE,#9,G,https://www.pba.ph/players/baser-amer,https://dashboard.pba.ph/assets/players/Amer.jpg
MAVERICK AHANMISI,CONVERGE FIBERXERS,#13,G,https://www.pba.ph/players/maverick-ahanmisi,https://dashboard.pba.ph/assets/players/Ahanmisi.jpg
FRANKY JOHNSON,MERALCO BOLTS,#15,F,https://www.pba.ph/players/franky-johnson,https://dashboard.pba.ph/assets/players/Johnson.jpg
RAYMOND AGUILAR,BARANGAY GINEBRA SAN MIGUEL,#23,F,https://www.pba.ph/players/raymond-aguilar,https://dashboard.pba.ph/assets/players/gin-aguilar-j2022.png
KIER JOHN QUINTO,MERALCO BOLTS,#19,G,https://www.pba.ph/players/kier-john-quinto,https://dashboard.pba.ph/assets/players/Quinto-mer2022.png
JERRICK AHANMISI,MAGNOLIA CHICKEN TIMPLADOS HOTSHOTS,#2,G,https://www.pba.ph/players/jerrick-ahanmisi,https://dashboard.pba.ph/assets/players/mag-ahanmisi-2021.png
FRANKY JOHNSON,MERALCO BOLTS,#15,F,https://www.pba.ph/players/franky-johnson,https://dashboard.pba.ph/assets/players/Johnson.jpg
KIER JOHN QUINTO,MERALCO BOLTS,#19,G,https://www.pba.ph/players/kier-john-quinto,https://dashboard.pba.ph/assets/players/Quinto-mer2022.png
JUSTIN ARANA,CONVERGE FIBERXERS,#15,C,https://www.pba.ph/players/justin-arana,https://dashboard.pba.ph/assets/players/Arana.jpg
RAYMOND AGUILAR,BARANGAY GINEBRA SAN MIGUEL,#23,F,https://www.pba.ph/players/raymond-aguilar,https://dashboard.pba.ph/assets/players/gin-aguilar-j2022.png
RAYMAR JOSE,MERALCO BOLTS,#24,F,https://www.pba.ph/players/raymar-jose,https://dashboard.pba.ph/assets/players/Jose.jpg
SEAN ANTHONY,PHOENIX FUEL MASTERS,#10,F,https://www.pba.ph/players/sean-anthony,https://dashboard.pba.ph/assets/players/Anthony.png
KEVIN RACAL,CONVERGE FIBERXERS,#16,F,https://www.pba.ph/players/kevin-racal,https://dashboard.pba.ph/assets/players/Racal.jpg
ANTON ASISTIO,RAIN OR SHINE ELASTOPAINTERS,#8,G,https://www.pba.ph/players/anton-asistio,https://dashboard.pba.ph/assets/players/Asistio-ros2.png
RAYMAR JOSE,MERALCO BOLTS,#24,F,https://www.pba.ph/players/raymar-jose,https://dashboard.pba.ph/assets/players/Jose.jpg
KEVIN RACAL,CONVERGE FIBERXERS,#16,F,https://www.pba.ph/players/kevin-racal,https://dashboard.pba.ph/assets/players/Racal.jpg
SEAN ANTHONY,PHOENIX FUEL MASTERS,#10,F,https://www.pba.ph/players/sean-anthony,https://dashboard.pba.ph/assets/players/Anthony.png
PHILIP ANDREAS CAHILIG,TERRAFIRMA DYIP,#10,G,https://www.pba.ph/players/philip-andreas-cahilig,https://dashboard.pba.ph/assets/players/Cahilig_copy.png
YUNLEI WARREN LIANG,BAY AREA DRAGONS,#15,,https://www.pba.ph/players/yunlei-warren-liang,https://dashboard.pba.ph/assets/players/Warren-Liang.png
EARL CLARK,NLEX ROAD WARRIORS,#6,C,https://www.pba.ph/players/earl-clark,https://dashboard.pba.ph/assets/players/noimage.png
QILONG ZHENG,BAY AREA DRAGONS,#25,,https://www.pba.ph/players/qilong-zheng,https://dashboard.pba.ph/assets/players/Zheng-Qilong.png
JOHN MICHAEL CALMA,NORTH PORT BATANG PIER,#2,F,https://www.pba.ph/players/john-michael-calma,https://dashboard.pba.ph/assets/players/Calma.jpg
XIAOYU LIU,BAY AREA DRAGONS,#10,,https://www.pba.ph/players/xiaoyu-liu,https://dashboard.pba.ph/assets/players/Liu-Xiaoyu.png
PHILIP ANDREAS CAHILIG,TERRAFIRMA DYIP,#10,G,https://www.pba.ph/players/philip-andreas-cahilig,https://dashboard.pba.ph/assets/players/Cahilig_copy.png
SONGWEI ZHU,BAY AREA DRAGONS,#8,,https://www.pba.ph/players/songwei-zhu,https://dashboard.pba.ph/assets/players/zhu-Songwei.png
XIAOYU LIU,BAY AREA DRAGONS,#10,,https://www.pba.ph/players/xiaoyu-liu,https://dashboard.pba.ph/assets/players/Liu-Xiaoyu.png
SONGWEI ZHU,BAY AREA DRAGONS,#8,,https://www.pba.ph/players/songwei-zhu,https://dashboard.pba.ph/assets/players/zhu-Songwei.png
PRINCE CAPERAL,NORTH PORT BATANG PIER,#12,C,https://www.pba.ph/players/prince-caperal,https://dashboard.pba.ph/assets/players/gin-caperal-p2022.png
CHUANXING LIU,BAY AREA DRAGONS,#21,,https://www.pba.ph/players/chuanxing-liu,https://dashboard.pba.ph/assets/players/Liu-Chuanxing.png
ERIC JAMES CAMSON,TERRAFIRMA DYIP,#13,F,https://www.pba.ph/players/eric-james-camson,https://dashboard.pba.ph/assets/players/Camson_copy.png
JOHN PAUL CALVO,TERRAFIRMA DYIP,#8,G,https://www.pba.ph/players/john-paul-calvo,https://dashboard.pba.ph/assets/players/Calvo_copy.png
JOHN MICHAEL CALMA,NORTH PORT BATANG PIER,#2,F,https://www.pba.ph/players/john-michael-calma,https://dashboard.pba.ph/assets/players/Calma.jpg
EARL CLARK,NLEX ROAD WARRIORS,#6,C,https://www.pba.ph/players/earl-clark,https://dashboard.pba.ph/assets/players/noimage.png
CHUANXING LIU,BAY AREA DRAGONS,#21,,https://www.pba.ph/players/chuanxing-liu,https://dashboard.pba.ph/assets/players/Liu-Chuanxing.png
SIMON CAMACHO,PHOENIX FUEL MASTERS,#20,F,https://www.pba.ph/players/simon-camacho,https://dashboard.pba.ph/assets/players/noimage.png
JHONARD CLARITO,RAIN OR SHINE ELASTOPAINTERS,#22,F,https://www.pba.ph/players/jhonard-clarito,https://dashboard.pba.ph/assets/players/Clarito-ros.png
KURT LOJERA,PHOENIX FUEL MASTERS,#3,,https://www.pba.ph/players/kurt-lojera,https://dashboard.pba.ph/assets/players/Lojera.jpg
KURT LOJERA,PHOENIX FUEL MASTERS,#3,,https://www.pba.ph/players/kurt-lojera,https://dashboard.pba.ph/assets/players/Lojera.jpg
ANDREI CARACUT,RAIN OR SHINE ELASTOPAINTERS,#14,G,https://www.pba.ph/players/andrei-caracut,https://dashboard.pba.ph/assets/players/Caracut-ros.png
MICHAEL CANETE,SAN MIGUEL BEERMEN,#2,C,https://www.pba.ph/players/michael-canete,https://dashboard.pba.ph/assets/players/Canete.jpg
JUSTIN CHUA,NLEX ROAD WARRIORS,#0,C,https://www.pba.ph/players/justin-chua,https://dashboard.pba.ph/assets/players/Chua.png
MARION MAGAT,NLEX ROAD WARRIORS,#22,F,https://www.pba.ph/players/marion-magat,https://dashboard.pba.ph/assets/players/Magat.png
JHONARD CLARITO,RAIN OR SHINE ELASTOPAINTERS,#22,F,https://www.pba.ph/players/jhonard-clarito,https://dashboard.pba.ph/assets/players/Clarito-ros.png
MARION MAGAT,NLEX ROAD WARRIORS,#22,F,https://www.pba.ph/players/marion-magat,https://dashboard.pba.ph/assets/players/Magat.png
SIMON CAMACHO,PHOENIX FUEL MASTERS,#20,F,https://www.pba.ph/players/simon-camacho,https://dashboard.pba.ph/assets/players/noimage.png
ALLEIN MALIKSI,MERALCO BOLTS,#22,F,https://www.pba.ph/players/allein-maliksi,https://dashboard.pba.ph/assets/players/Maliksi.jpg
MICHAEL CANETE,SAN MIGUEL BEERMEN,#2,C,https://www.pba.ph/players/michael-canete,https://dashboard.pba.ph/assets/players/Canete.jpg
JOHN PAUL CALVO,TERRAFIRMA DYIP,#8,G,https://www.pba.ph/players/john-paul-calvo,https://dashboard.pba.ph/assets/players/Calvo_copy.png
JUSTIN CHUA,NLEX ROAD WARRIORS,#0,C,https://www.pba.ph/players/justin-chua,https://dashboard.pba.ph/assets/players/Chua.png
ALLEIN MALIKSI,MERALCO BOLTS,#22,F,https://www.pba.ph/players/allein-maliksi,https://dashboard.pba.ph/assets/players/Maliksi.jpg
ANDREI CARACUT,RAIN OR SHINE ELASTOPAINTERS,#14,G,https://www.pba.ph/players/andrei-caracut,https://dashboard.pba.ph/assets/players/Caracut-ros.png
JACKSON CORPUZ,MAGNOLIA CHICKEN TIMPLADOS HOTSHOTS,#1,F,https://www.pba.ph/players/jackson-corpuz,https://dashboard.pba.ph/assets/players/mag-corpuz-2021.png
JAMIE MALONZO,BARANGAY GINEBRA SAN MIGUEL,#3,C,https://www.pba.ph/players/jamie-malonzo,https://dashboard.pba.ph/assets/players/Malonzo.jpg
PRINCE CAPERAL,NORTH PORT BATANG PIER,#12,C,https://www.pba.ph/players/prince-caperal,https://dashboard.pba.ph/assets/players/gin-caperal-p2022.png
JACKSON CORPUZ,MAGNOLIA CHICKEN TIMPLADOS HOTSHOTS,#1,F,https://www.pba.ph/players/jackson-corpuz,https://dashboard.pba.ph/assets/players/mag-corpuz-2021.png
ERIC JAMES CAMSON,TERRAFIRMA DYIP,#13,F,https://www.pba.ph/players/eric-james-camson,https://dashboard.pba.ph/assets/players/Camson_copy.png
JAMIE MALONZO,BARANGAY GINEBRA SAN MIGUEL,#3,C,https://www.pba.ph/players/jamie-malonzo,https://dashboard.pba.ph/assets/players/Malonzo.jpg
GIAN MAMUYAC,RAIN OR SHINE ELASTOPAINTERS,#3,G,https://www.pba.ph/players/gian-mamuyac,https://dashboard.pba.ph/assets/players/Mamuyac-ros.png
KEVIN FERRER,NORTH PORT BATANG PIER,#77,S,https://www.pba.ph/players/kevin-ferrer,https://dashboard.pba.ph/assets/players/Ferrer.jpg
GIAN MAMUYAC,RAIN OR SHINE ELASTOPAINTERS,#3,G,https://www.pba.ph/players/gian-mamuyac,https://dashboard.pba.ph/assets/players/Mamuyac-ros.png
SEAN MANGANTI,PHOENIX FUEL MASTERS,#2,F,https://www.pba.ph/players/sean-manganti,https://dashboard.pba.ph/assets/players/Manganti.png
LARRY FONACIER,NLEX ROAD WARRIORS,#12,G,https://www.pba.ph/players/larry-fonacier,https://dashboard.pba.ph/assets/players/Fonacier.png
SEAN MANGANTI,PHOENIX FUEL MASTERS,#2,F,https://www.pba.ph/players/sean-manganti,https://dashboard.pba.ph/assets/players/Manganti.png
QUINCY MILLER,CONVERGE FIBERXERS,#30,C,https://www.pba.ph/players/quincy-miller,https://dashboard.pba.ph/assets/players/noimage.png
CHRIS ROSS,SAN MIGUEL BEERMEN,#6,G,https://www.pba.ph/players/chris-ross,https://dashboard.pba.ph/assets/players/smb-Ross2022c.png
ALLEN MINA,TERRAFIRMA DYIP,#29,G,https://www.pba.ph/players/allen-mina,https://dashboard.pba.ph/assets/players/Mina_copy.png
KENT SALADO,NORTH PORT BATANG PIER,#30,G,https://www.pba.ph/players/kent-salado,https://dashboard.pba.ph/assets/players/gin-salado-k2022.png
ALLEN MINA,TERRAFIRMA DYIP,#29,G,https://www.pba.ph/players/allen-mina,https://dashboard.pba.ph/assets/players/Mina_copy.png
KENT SALADO,NORTH PORT BATANG PIER,#30,G,https://www.pba.ph/players/kent-salado,https://dashboard.pba.ph/assets/players/gin-salado-k2022.png
MICHAEL MIRANDA,NLEX ROAD WARRIORS,#2,C,https://www.pba.ph/players/michael-miranda,https://dashboard.pba.ph/assets/players/Miranda.png
IAN SANGALANG,MAGNOLIA CHICKEN TIMPLADOS HOTSHOTS,#10,F,https://www.pba.ph/players/ian-sangalang,https://dashboard.pba.ph/assets/players/mag-sangalang-2022.png
MICHAEL MIRANDA,NLEX ROAD WARRIORS,#2,C,https://www.pba.ph/players/michael-miranda,https://dashboard.pba.ph/assets/players/Miranda.png
IAN SANGALANG,MAGNOLIA CHICKEN TIMPLADOS HOTSHOTS,#10,F,https://www.pba.ph/players/ian-sangalang,https://dashboard.pba.ph/assets/players/mag-sangalang-2022.png
MATT MOBLEY,TNT TROPANG GIGA,#0,/,https://www.pba.ph/players/matt-mobley,https://dashboard.pba.ph/assets/players/noimage.png
LEONARD SANTILLAN,RAIN OR SHINE ELASTOPAINTERS,#25,C,https://www.pba.ph/players/leonard-santillan,https://dashboard.pba.ph/assets/players/Santillan-ros.png
MATT MOBLEY,TNT TROPANG GIGA,#0,/,https://www.pba.ph/players/matt-mobley,https://dashboard.pba.ph/assets/players/noimage.png
LEONARD SANTILLAN,RAIN OR SHINE ELASTOPAINTERS,#25,C,https://www.pba.ph/players/leonard-santillan,https://dashboard.pba.ph/assets/players/Santillan-ros.png
JAVEE MOCON,PHOENIX FUEL MASTERS,#7,F,https://www.pba.ph/players/javee-mocon,https://dashboard.pba.ph/assets/players/Mocon.png
ARWIND SANTOS,NORTH PORT BATANG PIER,#29,F,https://www.pba.ph/players/arwind-santos,https://dashboard.pba.ph/assets/players/Santos.jpg
JAVEE MOCON,PHOENIX FUEL MASTERS,#7,F,https://www.pba.ph/players/javee-mocon,https://dashboard.pba.ph/assets/players/Mocon.png
ARWIND SANTOS,NORTH PORT BATANG PIER,#29,F,https://www.pba.ph/players/arwind-santos,https://dashboard.pba.ph/assets/players/Santos.jpg
KIB MONTALBO,TNT TROPANG GIGA,#15,G,https://www.pba.ph/players/kib-montalbo,https://dashboard.pba.ph/assets/players/Montalbo.jpg
DEVON SCOTT,SAN MIGUEL BEERMEN,#22,C,https://www.pba.ph/players/devon-scott,https://dashboard.pba.ph/assets/players/noimage.png
KIB MONTALBO,TNT TROPANG GIGA,#15,G,https://www.pba.ph/players/kib-montalbo,https://dashboard.pba.ph/assets/players/Montalbo.jpg
DEVON SCOTT,SAN MIGUEL BEERMEN,#22,C,https://www.pba.ph/players/devon-scott,https://dashboard.pba.ph/assets/players/noimage.png
JOSHUA MUNZON,TERRAFIRMA DYIP,#24,F,https://www.pba.ph/players/joshua-munzon,https://dashboard.pba.ph/assets/players/Munzon_copy.png
ANTHONY PAUL SEMERAD,NLEX ROAD WARRIORS,#33,F,https://www.pba.ph/players/anthony-paul-semerad,https://dashboard.pba.ph/assets/players/Semerad.png
JOSHUA MUNZON,TERRAFIRMA DYIP,#24,F,https://www.pba.ph/players/joshua-munzon,https://dashboard.pba.ph/assets/players/Munzon_copy.png
ANTHONY PAUL SEMERAD,NLEX ROAD WARRIORS,#33,F,https://www.pba.ph/players/anthony-paul-semerad,https://dashboard.pba.ph/assets/players/Semerad.png
JAYJAY ALEJANDRO,TNT TROPANG GIGA,#20,G,https://www.pba.ph/players/jayjay-alejandro,https://dashboard.pba.ph/assets/players/Alejandro.jpg
DAVID MURRELL,CONVERGE FIBERXERS,#1,F,https://www.pba.ph/players/david-murrell,https://dashboard.pba.ph/assets/players/Murrell.jpg
JAMES RYAN SENA,BLACKWATER ELITE,#15,F,https://www.pba.ph/players/james-ryan-sena,https://dashboard.pba.ph/assets/players/5B98E7AE-FD84-45D5-B52B-69DA8055555C.png
DAVID MURRELL,CONVERGE FIBERXERS,#1,F,https://www.pba.ph/players/david-murrell,https://dashboard.pba.ph/assets/players/Murrell.jpg
JAMES RYAN SENA,BLACKWATER ELITE,#15,F,https://www.pba.ph/players/james-ryan-sena,https://dashboard.pba.ph/assets/players/5B98E7AE-FD84-45D5-B52B-69DA8055555C.png
LARRY MUYANG,PHOENIX FUEL MASTERS,#1,C,https://www.pba.ph/players/larry-muyang,https://dashboard.pba.ph/assets/players/Muyang.png
ENCHO SERRANO,PHOENIX FUEL MASTERS,#18,G,https://www.pba.ph/players/encho-serrano,https://dashboard.pba.ph/assets/players/Serrano.png
CARL BRYAN CRUZ,TNT TROPANG GIGA,#2,F,https://www.pba.ph/players/carl-bryan-cruz,https://dashboard.pba.ph/assets/players/BCruz.jpg
KALEB AVERY WESSON,PHOENIX FUEL MASTERS,#43,C,https://www.pba.ph/players/kaleb-avery-wesson,https://dashboard.pba.ph/assets/players/noimage.png
ART DELA CRUZ,NORTH PORT BATANG PIER,#18,F,https://www.pba.ph/players/art-dela-cruz,https://dashboard.pba.ph/assets/players/Dela_Cruz.jpg
JOHN GROSPE,TERRAFIRMA DYIP,#0,G,https://www.pba.ph/players/john-grospe,https://dashboard.pba.ph/assets/players/Grospe_copy.png
BENEDICT ADAMOS,PHOENIX FUEL MASTERS,#11,C,https://www.pba.ph/players/benedict-adamos,https://dashboard.pba.ph/assets/players/Adamos.jpg
ROME DELA ROSA,MAGNOLIA CHICKEN TIMPLADOS HOTSHOTS,#19,G,https://www.pba.ph/players/rome-dela-rosa,https://dashboard.pba.ph/assets/players/mag-delarosa-2022.png
JAPETH AGUILAR,BARANGAY GINEBRA SAN MIGUEL,#25,F,https://www.pba.ph/players/japeth-aguilar,https://dashboard.pba.ph/assets/players/gin-aguilar-jap2022.png
ROME DELA ROSA,MAGNOLIA CHICKEN TIMPLADOS HOTSHOTS,#19,G,https://www.pba.ph/players/rome-dela-rosa,https://dashboard.pba.ph/assets/players/mag-delarosa-2022.png
KALEB AVERY WESSON,PHOENIX FUEL MASTERS,#43,C,https://www.pba.ph/players/kaleb-avery-wesson,https://dashboard.pba.ph/assets/players/noimage.png
BRADWYN GUINTO,RAIN OR SHINE ELASTOPAINTERS,#2,C,https://www.pba.ph/players/bradwyn-guinto,https://dashboard.pba.ph/assets/players/ros-Guinto2021.png
NONOY BACLAO,MERALCO BOLTS,#97,C,https://www.pba.ph/players/nonoy-baclao,https://dashboard.pba.ph/assets/players/Baclao.jpg
JERICHO CRUZ,SAN MIGUEL BEERMEN,#39,,https://www.pba.ph/players/jericho-cruz,https://dashboard.pba.ph/assets/players/JCruz.jpg
MICHAEL WILLIAMS,TNT TROPANG GIGA,#5,G,https://www.pba.ph/players/michael-williams,https://dashboard.pba.ph/assets/players/Mikey-tnt2022b.png
BRADWYN GUINTO,RAIN OR SHINE ELASTOPAINTERS,#2,C,https://www.pba.ph/players/bradwyn-guinto,https://dashboard.pba.ph/assets/players/ros-Guinto2021.png
ART DELA CRUZ,NORTH PORT BATANG PIER,#18,F,https://www.pba.ph/players/art-dela-cruz,https://dashboard.pba.ph/assets/players/Dela_Cruz.jpg
MATT GANUELAS-ROSSER,TNT TROPANG GIGA,#24,F,https://www.pba.ph/players/matt-ganuelas-rosser,https://dashboard.pba.ph/assets/players/Rosser.jpg
LARRY FONACIER,NLEX ROAD WARRIORS,#12,G,https://www.pba.ph/players/larry-fonacier,https://dashboard.pba.ph/assets/players/Fonacier.png
MICHAEL WILLIAMS,TNT TROPANG GIGA,#5,G,https://www.pba.ph/players/michael-williams,https://dashboard.pba.ph/assets/players/Mikey-tnt2022b.png
ROBERT HERNDON,SAN MIGUEL BEERMEN,#11,G,https://www.pba.ph/players/robert-herndon,https://dashboard.pba.ph/assets/players/Herndon.jpg
JOSEPH GABAYNI,TERRAFIRMA DYIP,#18,C,https://www.pba.ph/players/joseph-gabayni,https://dashboard.pba.ph/assets/players/Gabayni_copy.png
KELLY WILLIAMS,TNT TROPANG GIGA,#21,F,https://www.pba.ph/players/kelly-williams,https://dashboard.pba.ph/assets/players/Kelly_.jpg
MATT GANUELAS-ROSSER,TNT TROPANG GIGA,#24,F,https://www.pba.ph/players/matt-ganuelas-rosser,https://dashboard.pba.ph/assets/players/Rosser.jpg
ROBERT HERNDON,SAN MIGUEL BEERMEN,#11,G,https://www.pba.ph/players/robert-herndon,https://dashboard.pba.ph/assets/players/Herndon.jpg
BRANDON GANUELAS-ROSSER,NLEX ROAD WARRIORS,#45,,https://www.pba.ph/players/brandon-ganuelas-rosser,https://dashboard.pba.ph/assets/players/bwe-brandon-gs2022.png
KELLY WILLIAMS,TNT TROPANG GIGA,#21,F,https://www.pba.ph/players/kelly-williams,https://dashboard.pba.ph/assets/players/Kelly_.jpg
BRIAN HERUELA,TNT TROPANG GIGA,#13,G,https://www.pba.ph/players/brian-heruela,https://dashboard.pba.ph/assets/players/Heruela.jpg
NONOY BACLAO,MERALCO BOLTS,#97,C,https://www.pba.ph/players/nonoy-baclao,https://dashboard.pba.ph/assets/players/Baclao.jpg
BRANDON GANUELAS-ROSSER,NLEX ROAD WARRIORS,#45,,https://www.pba.ph/players/brandon-ganuelas-rosser,https://dashboard.pba.ph/assets/players/bwe-brandon-gs2022.png
ADRIAN WONG,MAGNOLIA CHICKEN TIMPLADOS HOTSHOTS,#21,G,https://www.pba.ph/players/adrian-wong,https://dashboard.pba.ph/assets/players/mag-wong-2022.png
BRIAN HERUELA,TNT TROPANG GIGA,#13,G,https://www.pba.ph/players/brian-heruela,https://dashboard.pba.ph/assets/players/Heruela.jpg
JOSEPH GABAYNI,TERRAFIRMA DYIP,#18,C,https://www.pba.ph/players/joseph-gabayni,https://dashboard.pba.ph/assets/players/Gabayni_copy.png
ADRIAN WONG,MAGNOLIA CHICKEN TIMPLADOS HOTSHOTS,#21,G,https://www.pba.ph/players/adrian-wong,https://dashboard.pba.ph/assets/players/mag-wong-2022.png
TYRUS HILL,CONVERGE FIBERXERS,#9,C,https://www.pba.ph/players/tyrus-hill,https://dashboard.pba.ph/assets/players/Hill.jpg
JOLLO GO,BLACKWATER ELITE,#16,G,https://www.pba.ph/players/jollo-go,https://dashboard.pba.ph/assets/players/noimage.png
GLEN ROBERTSON YANG,BAY AREA DRAGONS,#0,1,https://www.pba.ph/players/glen-robertson-yang,https://dashboard.pba.ph/assets/players/Glen-Yang.png
TYRUS HILL,CONVERGE FIBERXERS,#9,C,https://www.pba.ph/players/tyrus-hill,https://dashboard.pba.ph/assets/players/Hill.jpg
JAVIER GOMEZ DE LIANO,TERRAFIRMA DYIP,#22,F,https://www.pba.ph/players/javier-gomez-de-liano,https://dashboard.pba.ph/assets/players/Gomez_de_Liano_copy.png
GLEN ROBERTSON YANG,BAY AREA DRAGONS,#0,1,https://www.pba.ph/players/glen-robertson-yang,https://dashboard.pba.ph/assets/players/Glen-Yang.png
CLIFF HODGE,MERALCO BOLTS,#7,F,https://www.pba.ph/players/cliff-hodge,https://dashboard.pba.ph/assets/players/Hodge.jpg
ED DAQUIOAG,TERRAFIRMA DYIP,#6,G,https://www.pba.ph/players/ed-daquioag,https://dashboard.pba.ph/assets/players/Daquioag_copy.png
JERICHO CRUZ,SAN MIGUEL BEERMEN,#39,,https://www.pba.ph/players/jericho-cruz,https://dashboard.pba.ph/assets/players/JCruz.jpg
KEITH ZALDIVAR,MAGNOLIA CHICKEN TIMPLADOS HOTSHOTS,#25,C,https://www.pba.ph/players/keith-zaldivar,https://dashboard.pba.ph/assets/players/mag-zaldivar-2022.png
CLIFF HODGE,MERALCO BOLTS,#7,F,https://www.pba.ph/players/cliff-hodge,https://dashboard.pba.ph/assets/players/Hodge.jpg
RR GARCIA,PHOENIX FUEL MASTERS,#8,G,https://www.pba.ph/players/rr-garcia,https://dashboard.pba.ph/assets/players/garcia.png
KEITH ZALDIVAR,MAGNOLIA CHICKEN TIMPLADOS HOTSHOTS,#25,C,https://www.pba.ph/players/keith-zaldivar,https://dashboard.pba.ph/assets/players/mag-zaldivar-2022.png
REYNEL HUGNATAN,MERALCO BOLTS,#21,C,https://www.pba.ph/players/reynel-hugnatan,https://dashboard.pba.ph/assets/players/Hugnatan.jpg
RR GARCIA,PHOENIX FUEL MASTERS,#8,G,https://www.pba.ph/players/rr-garcia,https://dashboard.pba.ph/assets/players/garcia.png
PAUL CHRISTIAN ZAMAR,SAN MIGUEL BEERMEN,#12,G,https://www.pba.ph/players/paul-christian-zamar,https://dashboard.pba.ph/assets/players/Zamar.jpg
REYNEL HUGNATAN,MERALCO BOLTS,#21,C,https://www.pba.ph/players/reynel-hugnatan,https://dashboard.pba.ph/assets/players/Hugnatan.jpg
JOLLO GO,BLACKWATER ELITE,#16,G,https://www.pba.ph/players/jollo-go,https://dashboard.pba.ph/assets/players/noimage.png
JAVIER GOMEZ DE LIANO,TERRAFIRMA DYIP,#22,F,https://www.pba.ph/players/javier-gomez-de-liano,https://dashboard.pba.ph/assets/players/Gomez_de_Liano_copy.png
PAUL CHRISTIAN ZAMAR,SAN MIGUEL BEERMEN,#12,G,https://www.pba.ph/players/paul-christian-zamar,https://dashboard.pba.ph/assets/players/Zamar.jpg
PRINCE IBEH,NORTH PORT BATANG PIER,#1,C,https://www.pba.ph/players/prince-ibeh,https://dashboard.pba.ph/assets/players/noimage.png
MYKE AYONAYON,BLACKWATER ELITE,#28,G,https://www.pba.ph/players/myke-ayonayon,https://dashboard.pba.ph/assets/players/Ayonayon.jpg
ED DAQUIOAG,TERRAFIRMA DYIP,#6,G,https://www.pba.ph/players/ed-daquioag,https://dashboard.pba.ph/assets/players/Daquioag_copy.png
JEREMIAH GRAY,BARANGAY GINEBRA SAN MIGUEL,#0,F,https://www.pba.ph/players/jeremiah-gray,https://dashboard.pba.ph/assets/players/noimage.png
ZHIYUAN ZHANG,BAY AREA DRAGONS,#31,,https://www.pba.ph/players/zhiyuan-zhang,https://dashboard.pba.ph/assets/players/Zhang-Zhiyuan.png
PRINCE IBEH,NORTH PORT BATANG PIER,#1,C,https://www.pba.ph/players/prince-ibeh,https://dashboard.pba.ph/assets/players/noimage.png
CARL BRYAN CRUZ,TNT TROPANG GIGA,#2,F,https://www.pba.ph/players/carl-bryan-cruz,https://dashboard.pba.ph/assets/players/BCruz.jpg
JEREMIAH GRAY,BARANGAY GINEBRA SAN MIGUEL,#0,F,https://www.pba.ph/players/jeremiah-gray,https://dashboard.pba.ph/assets/players/noimage.png
ZHIYUAN ZHANG,BAY AREA DRAGONS,#31,,https://www.pba.ph/players/zhiyuan-zhang,https://dashboard.pba.ph/assets/players/Zhang-Zhiyuan.png
KENNETH IGHALO,NLEX ROAD WARRIORS,#17,G,https://www.pba.ph/players/kenneth-ighalo,https://dashboard.pba.ph/assets/players/Ighalo.png
MYKE AYONAYON,BLACKWATER ELITE,#28,G,https://www.pba.ph/players/myke-ayonayon,https://dashboard.pba.ph/assets/players/Ayonayon.jpg
BENEDICT ADAMOS,PHOENIX FUEL MASTERS,#11,C,https://www.pba.ph/players/benedict-adamos,https://dashboard.pba.ph/assets/players/Adamos.jpg
JOHN GROSPE,TERRAFIRMA DYIP,#0,G,https://www.pba.ph/players/john-grospe,https://dashboard.pba.ph/assets/players/Grospe_copy.png
QILONG ZHENG,BAY AREA DRAGONS,#25,,https://www.pba.ph/players/qilong-zheng,https://dashboard.pba.ph/assets/players/Zheng-Qilong.png
MINGXIN JU,BAY AREA DRAGONS,#9,,https://www.pba.ph/players/mingxin-ju,https://dashboard.pba.ph/assets/players/Ju-Mingxin.png
PHILIP PANIAMOGAN,NLEX ROAD WARRIORS,#9,G,https://www.pba.ph/players/philip-paniamogan,https://dashboard.pba.ph/assets/players/Paniamogan.png
ARVIN TOLENTINO,NORTH PORT BATANG PIER,#10,F,https://www.pba.ph/players/arvin-tolentino,https://dashboard.pba.ph/assets/players/gin-tolentino-a2022.png
NICK DEMUSIS,RAIN OR SHINE ELASTOPAINTERS,#31,F,https://www.pba.ph/players/nick-demusis,https://dashboard.pba.ph/assets/players/Demusis-ros.png
MINGXIN JU,BAY AREA DRAGONS,#9,,https://www.pba.ph/players/mingxin-ju,https://dashboard.pba.ph/assets/players/Ju-Mingxin.png
PHILIP PANIAMOGAN,NLEX ROAD WARRIORS,#9,G,https://www.pba.ph/players/philip-paniamogan,https://dashboard.pba.ph/assets/players/Paniamogan.png
MIKE TOLOMIA,CONVERGE FIBERXERS,#6,G,https://www.pba.ph/players/mike-tolomia,https://dashboard.pba.ph/assets/players/Tolomia.jpg
GLENN KHOBUNTIN,TNT TROPANG GIGA,#12,F,https://www.pba.ph/players/glenn-khobuntin,https://dashboard.pba.ph/assets/players/Khobuntin.jpg
ALVIN PASAOL,MERALCO BOLTS,#23,G,https://www.pba.ph/players/alvin-pasaol,https://dashboard.pba.ph/assets/players/Pasaol.jpg
JARED DILLINGER,BARANGAY GINEBRA SAN MIGUEL,#2,F,https://www.pba.ph/players/jared-dillinger,https://dashboard.pba.ph/assets/players/gin-dillinger-j2022.png
MIKE TOLOMIA,CONVERGE FIBERXERS,#6,G,https://www.pba.ph/players/mike-tolomia,https://dashboard.pba.ph/assets/players/Tolomia.jpg
GLENN KHOBUNTIN,TNT TROPANG GIGA,#12,F,https://www.pba.ph/players/glenn-khobuntin,https://dashboard.pba.ph/assets/players/Khobuntin.jpg
ALVIN PASAOL,MERALCO BOLTS,#23,G,https://www.pba.ph/players/alvin-pasaol,https://dashboard.pba.ph/assets/players/Pasaol.jpg
NORBERT TORRES,RAIN OR SHINE ELASTOPAINTERS,#29,C,https://www.pba.ph/players/norbert-torres,https://dashboard.pba.ph/assets/players/Torres-ros.png
CAMERON KRUTWIG,BLACKWATER ELITE,#25,C,https://www.pba.ph/players/cameron-krutwig,https://dashboard.pba.ph/assets/players/noimage.png
KYLE NICHOLAS PASCUAL,MERALCO BOLTS,#32,C,https://www.pba.ph/players/kyle-nicholas-pascual,https://dashboard.pba.ph/assets/players/Pascual.jpg
NORBERT TORRES,RAIN OR SHINE ELASTOPAINTERS,#29,C,https://www.pba.ph/players/norbert-torres,https://dashboard.pba.ph/assets/players/Torres-ros.png
CAMERON KRUTWIG,BLACKWATER ELITE,#25,C,https://www.pba.ph/players/cameron-krutwig,https://dashboard.pba.ph/assets/players/noimage.png
KYLE NICHOLAS PASCUAL,MERALCO BOLTS,#32,C,https://www.pba.ph/players/kyle-nicholas-pascual,https://dashboard.pba.ph/assets/players/Pascual.jpg
ABU TRATTER,CONVERGE FIBERXERS,#2,F,https://www.pba.ph/players/abu-tratter,https://dashboard.pba.ph/assets/players/ala-Tratter2020.png
CHRIS LALATA,PHOENIX FUEL MASTERS,#6,F,https://www.pba.ph/players/chris-lalata,https://dashboard.pba.ph/assets/players/Lalata.png
JAKE PASCUAL,PHOENIX FUEL MASTERS,#9,F,https://www.pba.ph/players/jake-pascual,https://dashboard.pba.ph/assets/players/Pascual.png
ABU TRATTER,CONVERGE FIBERXERS,#2,F,https://www.pba.ph/players/abu-tratter,https://dashboard.pba.ph/assets/players/ala-Tratter2020.png
ARIS DIONISIO,MAGNOLIA CHICKEN TIMPLADOS HOTSHOTS,#57,C,https://www.pba.ph/players/aris-dionisio,https://dashboard.pba.ph/assets/players/mag-dionisio-2022.png
CHRIS LALATA,PHOENIX FUEL MASTERS,#6,F,https://www.pba.ph/players/chris-lalata,https://dashboard.pba.ph/assets/players/Lalata.png
JAKE PASCUAL,PHOENIX FUEL MASTERS,#9,F,https://www.pba.ph/players/jake-pascual,https://dashboard.pba.ph/assets/players/Pascual.png
CELEDONIO TROLLANO,NLEX ROAD WARRIORS,#8,F,https://www.pba.ph/players/celedonio-trollano,https://dashboard.pba.ph/assets/players/Trollano.png
KOBEY KETAVONG LAM,BAY AREA DRAGONS,#22,,https://www.pba.ph/players/kobey-ketavong-lam,https://dashboard.pba.ph/assets/players/Kobey-Lam.png
RYAN PEARSON,RAIN OR SHINE ELASTOPAINTERS,#24,G,https://www.pba.ph/players/ryan-pearson,https://dashboard.pba.ph/assets/players/mensplaceholder.png
CELEDONIO TROLLANO,NLEX ROAD WARRIORS,#8,F,https://www.pba.ph/players/celedonio-trollano,https://dashboard.pba.ph/assets/players/Trollano.png
JARED DILLINGER,BARANGAY GINEBRA SAN MIGUEL,#2,F,https://www.pba.ph/players/jared-dillinger,https://dashboard.pba.ph/assets/players/gin-dillinger-j2022.png
KOBEY KETAVONG LAM,BAY AREA DRAGONS,#22,,https://www.pba.ph/players/kobey-ketavong-lam,https://dashboard.pba.ph/assets/players/Kobey-Lam.png
RYAN PEARSON,RAIN OR SHINE ELASTOPAINTERS,#24,G,https://www.pba.ph/players/ryan-pearson,https://dashboard.pba.ph/assets/players/mensplaceholder.png
FREDERICK TUNGCAB,TNT TROPANG GIGA,#11,F,https://www.pba.ph/players/frederick-tungcab,https://dashboard.pba.ph/assets/players/Tungcab-tnt.png
NICK DEMUSIS,RAIN OR SHINE ELASTOPAINTERS,#31,F,https://www.pba.ph/players/nick-demusis,https://dashboard.pba.ph/assets/players/Demusis-ros.png
JAMES LAPUT,MAGNOLIA CHICKEN TIMPLADOS HOTSHOTS,#42,C,https://www.pba.ph/players/james-laput,https://dashboard.pba.ph/assets/players/mag-laput-2022.png
JAYMAR PEREZ,SAN MIGUEL BEERMEN,#77,G,https://www.pba.ph/players/jaymar-perez,https://dashboard.pba.ph/assets/players/Perez.jpg
FREDERICK TUNGCAB,TNT TROPANG GIGA,#11,F,https://www.pba.ph/players/frederick-tungcab,https://dashboard.pba.ph/assets/players/Tungcab-tnt.png
JEFF CHAN,NORTH PORT BATANG PIER,#16,G,https://www.pba.ph/players/jeff-chan,https://dashboard.pba.ph/assets/players/gin-chan-j2022.png
JAMES LAPUT,MAGNOLIA CHICKEN TIMPLADOS HOTSHOTS,#42,C,https://www.pba.ph/players/james-laput,https://dashboard.pba.ph/assets/players/mag-laput-2022.png
JAYMAR PEREZ,SAN MIGUEL BEERMEN,#77,G,https://www.pba.ph/players/jaymar-perez,https://dashboard.pba.ph/assets/players/Perez.jpg
RENATO ULAR,BLACKWATER ELITE,#5,F,https://www.pba.ph/players/renato-ular,https://dashboard.pba.ph/assets/players/24793067-B462-49B6-9752-228949DD1A1C.png
MARCIO LASSITER,SAN MIGUEL BEERMEN,#13,G,https://www.pba.ph/players/marcio-lassiter,https://dashboard.pba.ph/assets/players/Lassiter.jpg
JASON PERKINS,PHOENIX FUEL MASTERS,#0,F,https://www.pba.ph/players/jason-perkins,https://dashboard.pba.ph/assets/players/Perkins.png
RENATO ULAR,BLACKWATER ELITE,#5,F,https://www.pba.ph/players/renato-ular,https://dashboard.pba.ph/assets/players/24793067-B462-49B6-9752-228949DD1A1C.png
MARCIO LASSITER,SAN MIGUEL BEERMEN,#13,G,https://www.pba.ph/players/marcio-lassiter,https://dashboard.pba.ph/assets/players/Lassiter.jpg
JASON PERKINS,PHOENIX FUEL MASTERS,#0,F,https://www.pba.ph/players/jason-perkins,https://dashboard.pba.ph/assets/players/Perkins.png
PAUL VARILLA,NLEX ROAD WARRIORS,#10,S,https://www.pba.ph/players/paul-varilla,https://dashboard.pba.ph/assets/players/Varilla.png
MICHAEL DIGREGORIO,CONVERGE FIBERXERS,#3,G,https://www.pba.ph/players/michael-digregorio,https://dashboard.pba.ph/assets/players/DiGregorio.jpg
PAUL LEE,MAGNOLIA CHICKEN TIMPLADOS HOTSHOTS,#3,G,https://www.pba.ph/players/paul-lee,https://dashboard.pba.ph/assets/players/mag-lee-2022.png
VON PESSUMAL,BARANGAY GINEBRA SAN MIGUEL,#19,G,https://www.pba.ph/players/von-pessumal,https://dashboard.pba.ph/assets/players/Pessumal.jpg
JEFF CHAN,NORTH PORT BATANG PIER,#16,G,https://www.pba.ph/players/jeff-chan,https://dashboard.pba.ph/assets/players/gin-chan-j2022.png
PAUL VARILLA,NLEX ROAD WARRIORS,#10,S,https://www.pba.ph/players/paul-varilla,https://dashboard.pba.ph/assets/players/Varilla.png
PAUL LEE,MAGNOLIA CHICKEN TIMPLADOS HOTSHOTS,#3,G,https://www.pba.ph/players/paul-lee,https://dashboard.pba.ph/assets/players/mag-lee-2022.png
VON PESSUMAL,BARANGAY GINEBRA SAN MIGUEL,#19,G,https://www.pba.ph/players/von-pessumal,https://dashboard.pba.ph/assets/players/Pessumal.jpg
LOUIE VIGIL,NORTH PORT BATANG PIER,#3,F,https://www.pba.ph/players/louie-vigil,https://dashboard.pba.ph/assets/players/Vigil.jpg
NARD JOHN PINTO,BARANGAY GINEBRA SAN MIGUEL,#17,G,https://www.pba.ph/players/nard-john-pinto,https://dashboard.pba.ph/assets/players/gin-pinto-n2022.png
YUNLEI WARREN LIANG,BAY AREA DRAGONS,#15,,https://www.pba.ph/players/yunlei-warren-liang,https://dashboard.pba.ph/assets/players/Warren-Liang.png
LOUIE VIGIL,NORTH PORT BATANG PIER,#3,F,https://www.pba.ph/players/louie-vigil,https://dashboard.pba.ph/assets/players/Vigil.jpg
MICHAEL DIGREGORIO,CONVERGE FIBERXERS,#3,G,https://www.pba.ph/players/michael-digregorio,https://dashboard.pba.ph/assets/players/DiGregorio.jpg
WILLIAM JAYSON CASTRO,TNT TROPANG GIGA,#17,G,https://www.pba.ph/players/william-jayson-castro,https://dashboard.pba.ph/assets/players/Castro.jpg
PAOLO TAHA,NORTH PORT BATANG PIER,#0,G,https://www.pba.ph/players/paolo-taha,https://dashboard.pba.ph/assets/players/PTaha.jpg
NICHOLAS RAKOCEVIC,MAGNOLIA CHICKEN TIMPLADOS HOTSHOTS,#31,C,https://www.pba.ph/players/nicholas-rakocevic,https://dashboard.pba.ph/assets/players/noimage.png
PAOLO TAHA,NORTH PORT BATANG PIER,#0,G,https://www.pba.ph/players/paolo-taha,https://dashboard.pba.ph/assets/players/PTaha.jpg
JEO AMBOHOT,CONVERGE FIBERXERS,#19,C,https://www.pba.ph/players/jeo-ambohot,https://dashboard.pba.ph/assets/players/Ambohot.jpg
NORMAN AARON BLACK,MERALCO BOLTS,#1,F,https://www.pba.ph/players/norman-aaron-black,https://dashboard.pba.ph/assets/players/mer-Black2022b.png
ALEX CABAGNOT,TERRAFIRMA DYIP,#5,G,https://www.pba.ph/players/alex-cabagnot,https://dashboard.pba.ph/assets/players/ter-2020Cabagnot.png
NICHOLAS RAKOCEVIC,MAGNOLIA CHICKEN TIMPLADOS HOTSHOTS,#31,C,https://www.pba.ph/players/nicholas-rakocevic,https://dashboard.pba.ph/assets/players/noimage.png
ASI TAULAVA,NLEX ROAD WARRIORS,#88,C,https://www.pba.ph/players/asi-taulava,https://dashboard.pba.ph/assets/players/nlx-Taulava2020.png
ALDRECH RAMOS,TERRAFIRMA DYIP,#17,F,https://www.pba.ph/players/aldrech-ramos,https://dashboard.pba.ph/assets/players/Ramos_copy.png
RAYMOND ALMAZAN,MERALCO BOLTS,#20,C,https://www.pba.ph/players/raymond-almazan,https://dashboard.pba.ph/assets/players/Almazan.jpg
ASI TAULAVA,NLEX ROAD WARRIORS,#88,C,https://www.pba.ph/players/asi-taulava,https://dashboard.pba.ph/assets/players/nlx-Taulava2020.png
JEEPY FAUNDO,SAN MIGUEL BEERMEN,#55,F,https://www.pba.ph/players/jeepy-faundo,https://dashboard.pba.ph/assets/players/Faundo.jpg
ALDRECH RAMOS,TERRAFIRMA DYIP,#17,F,https://www.pba.ph/players/aldrech-ramos,https://dashboard.pba.ph/assets/players/Ramos_copy.png
HAYDEN JOEL BLANKLEY,BAY AREA DRAGONS,#11,,https://www.pba.ph/players/hayden-joel-blankley,https://dashboard.pba.ph/assets/players/Hayden-Blankley.png
JUNE MAR FAJARDO,SAN MIGUEL BEERMEN,#15,C,https://www.pba.ph/players/june-mar-fajardo,https://dashboard.pba.ph/assets/players/24435B81-6F4D-4A4A-875F-B5DCF4806EF9.png
MOALA TAUTUAA,SAN MIGUEL BEERMEN,#33,C,https://www.pba.ph/players/moala-tautuaa,https://dashboard.pba.ph/assets/players/3C154C56-F526-4110-B911-984F9DF30B03.png
GELO ALOLINO,TERRAFIRMA DYIP,#4,G,https://www.pba.ph/players/gelo-alolino,https://dashboard.pba.ph/assets/players/ter-Alolino2021.png
NORMAN AARON BLACK,MERALCO BOLTS,#1,F,https://www.pba.ph/players/norman-aaron-black,https://dashboard.pba.ph/assets/players/mer-Black2022b.png
RAFI REAVIS,MAGNOLIA CHICKEN TIMPLADOS HOTSHOTS,#4,C,https://www.pba.ph/players/rafi-reavis,https://dashboard.pba.ph/assets/players/mag-reavis-2022.png
ALLYN BULANADI,CONVERGE FIBERXERS,#5,G,https://www.pba.ph/players/allyn-bulanadi,https://dashboard.pba.ph/assets/players/Bulanadi.jpg
MOALA TAUTUAA,SAN MIGUEL BEERMEN,#33,C,https://www.pba.ph/players/moala-tautuaa,https://dashboard.pba.ph/assets/players/3C154C56-F526-4110-B911-984F9DF30B03.png
MAC BELO,MERALCO BOLTS,#12,F,https://www.pba.ph/players/mac-belo,https://dashboard.pba.ph/assets/players/Belo.jpg
RAFI REAVIS,MAGNOLIA CHICKEN TIMPLADOS HOTSHOTS,#4,C,https://www.pba.ph/players/rafi-reavis,https://dashboard.pba.ph/assets/players/mag-reavis-2022.png
JUSTIN BROWNLEE,BARANGAY GINEBRA SAN MIGUEL,#32,F,https://www.pba.ph/players/justin-brownlee,https://dashboard.pba.ph/assets/players/ginBrownlee2022.png
RUSSEL ESCOTO,MAGNOLIA CHICKEN TIMPLADOS HOTSHOTS,#88,C,https://www.pba.ph/players/russel-escoto,https://dashboard.pba.ph/assets/players/mag-escoto-2022.png
JERON TENG,CONVERGE FIBERXERS,#21,G,https://www.pba.ph/players/jeron-teng,https://dashboard.pba.ph/assets/players/Teng.jpg
DUNCAN OCERBECK REID,BAY AREA DRAGONS,#33,,https://www.pba.ph/players/duncan-ocerbeck-reid,https://dashboard.pba.ph/assets/players/Duncan-Reid.png
KEVIN FERRER,NORTH PORT BATANG PIER,#77,S,https://www.pba.ph/players/kevin-ferrer,https://dashboard.pba.ph/assets/players/Ferrer.jpg
JERON TENG,CONVERGE FIBERXERS,#21,G,https://www.pba.ph/players/jeron-teng,https://dashboard.pba.ph/assets/players/Teng.jpg
JUNE MAR FAJARDO,SAN MIGUEL BEERMEN,#15,C,https://www.pba.ph/players/june-mar-fajardo,https://dashboard.pba.ph/assets/players/24435B81-6F4D-4A4A-875F-B5DCF4806EF9.png
GELO ALOLINO,TERRAFIRMA DYIP,#4,G,https://www.pba.ph/players/gelo-alolino,https://dashboard.pba.ph/assets/players/ter-Alolino2021.png
DUNCAN OCERBECK REID,BAY AREA DRAGONS,#33,,https://www.pba.ph/players/duncan-ocerbeck-reid,https://dashboard.pba.ph/assets/players/Duncan-Reid.png
TAYLOR BROWNE,CONVERGE FIBERXERS,#8,F,https://www.pba.ph/players/taylor-browne,https://dashboard.pba.ph/assets/players/Browne.jpg
LEWIS ALFRED TENORIO,BARANGAY GINEBRA SAN MIGUEL,#5,G,https://www.pba.ph/players/lewis-alfred-tenorio,https://dashboard.pba.ph/assets/players/gin-tenorio-L2022.png
JANSEN RIOS,PHOENIX FUEL MASTERS,#5,G,https://www.pba.ph/players/jansen-rios,https://dashboard.pba.ph/assets/players/rios.png
JEO AMBOHOT,CONVERGE FIBERXERS,#19,C,https://www.pba.ph/players/jeo-ambohot,https://dashboard.pba.ph/assets/players/Ambohot.jpg
ALLYN BULANADI,CONVERGE FIBERXERS,#5,G,https://www.pba.ph/players/allyn-bulanadi,https://dashboard.pba.ph/assets/players/Bulanadi.jpg
RICHARD SCOTT ONYANGO EWING,BAY AREA DRAGONS,#0,,https://www.pba.ph/players/richard-scott-onyango-ewing,https://dashboard.pba.ph/assets/players/Scotty-Ewing2.png
LEWIS ALFRED TENORIO,BARANGAY GINEBRA SAN MIGUEL,#5,G,https://www.pba.ph/players/lewis-alfred-tenorio,https://dashboard.pba.ph/assets/players/gin-tenorio-L2022.png
JANSEN RIOS,PHOENIX FUEL MASTERS,#5,G,https://www.pba.ph/players/jansen-rios,https://dashboard.pba.ph/assets/players/rios.png
RICHARD SCOTT ONYANGO EWING,BAY AREA DRAGONS,#0,,https://www.pba.ph/players/richard-scott-onyango-ewing,https://dashboard.pba.ph/assets/players/Scotty-Ewing2.png
SCOTTIE THOMPSON,BARANGAY GINEBRA SAN MIGUEL,#9,G,https://www.pba.ph/players/scottie-thompson,https://dashboard.pba.ph/assets/players/gin-thompson-s2022.png
ROBERT JR. BOLICK,NORTH PORT BATANG PIER,#8,G,https://www.pba.ph/players/robert-jr.-bolick,https://dashboard.pba.ph/assets/players/Bolick-nor.png
TERRENCE ROMEO,SAN MIGUEL BEERMEN,#7,G,https://www.pba.ph/players/terrence-romeo,https://dashboard.pba.ph/assets/players/Romeo.jpg
TAYLOR BROWNE,CONVERGE FIBERXERS,#8,F,https://www.pba.ph/players/taylor-browne,https://dashboard.pba.ph/assets/players/Browne.jpg
JEEPY FAUNDO,SAN MIGUEL BEERMEN,#55,F,https://www.pba.ph/players/jeepy-faundo,https://dashboard.pba.ph/assets/players/Faundo.jpg
SCOTTIE THOMPSON,BARANGAY GINEBRA SAN MIGUEL,#9,G,https://www.pba.ph/players/scottie-thompson,https://dashboard.pba.ph/assets/players/gin-thompson-s2022.png
TERRENCE ROMEO,SAN MIGUEL BEERMEN,#7,G,https://www.pba.ph/players/terrence-romeo,https://dashboard.pba.ph/assets/players/Romeo.jpg
JOHN PAUL ERRAM,TNT TROPANG GIGA,#7,C,https://www.pba.ph/players/john-paul-erram,https://dashboard.pba.ph/assets/players/Erram.jpg
JUSTIN BROWNLEE,BARANGAY GINEBRA SAN MIGUEL,#32,F,https://www.pba.ph/players/justin-brownlee,https://dashboard.pba.ph/assets/players/ginBrownlee2022.png
TYLER TIO,PHOENIX FUEL MASTERS,#19,G,https://www.pba.ph/players/tyler-tio,https://dashboard.pba.ph/assets/players/Tio.png
KRIS ROSALES,NLEX ROAD WARRIORS,#5,G,https://www.pba.ph/players/kris-rosales,https://dashboard.pba.ph/assets/players/Rosales.png
MARK ANTHONY BORBORAN,RAIN OR SHINE ELASTOPAINTERS,#16,F,https://www.pba.ph/players/mark-anthony-borboran,https://dashboard.pba.ph/assets/players/Borboran-ros.png
ALEX CABAGNOT,TERRAFIRMA DYIP,#5,G,https://www.pba.ph/players/alex-cabagnot,https://dashboard.pba.ph/assets/players/ter-2020Cabagnot.png
JOHN PAUL ERRAM,TNT TROPANG GIGA,#7,C,https://www.pba.ph/players/john-paul-erram,https://dashboard.pba.ph/assets/players/Erram.jpg
TYLER TIO,PHOENIX FUEL MASTERS,#19,G,https://www.pba.ph/players/tyler-tio,https://dashboard.pba.ph/assets/players/Tio.png
ROBERT JR. BOLICK,NORTH PORT BATANG PIER,#8,G,https://www.pba.ph/players/robert-jr.-bolick,https://dashboard.pba.ph/assets/players/Bolick-nor.png
RODNEY BRONDIAL,SAN MIGUEL BEERMEN,#91,F,https://www.pba.ph/players/rodney-brondial,https://dashboard.pba.ph/assets/players/Brondial.jpg
KRIS ROSALES,NLEX ROAD WARRIORS,#5,G,https://www.pba.ph/players/kris-rosales,https://dashboard.pba.ph/assets/players/Rosales.png
RUSSEL ESCOTO,MAGNOLIA CHICKEN TIMPLADOS HOTSHOTS,#88,C,https://www.pba.ph/players/russel-escoto,https://dashboard.pba.ph/assets/players/mag-escoto-2022.png
JUAN MIGUEL TIONGSON,TERRAFIRMA DYIP,#3,G,https://www.pba.ph/players/juan-miguel-tiongson,https://dashboard.pba.ph/assets/players/Tiongson_copy.png
RODNEY BRONDIAL,SAN MIGUEL BEERMEN,#91,F,https://www.pba.ph/players/rodney-brondial,https://dashboard.pba.ph/assets/players/Brondial.jpg
MAC BELO,MERALCO BOLTS,#12,F,https://www.pba.ph/players/mac-belo,https://dashboard.pba.ph/assets/players/Belo.jpg
JETH TROY ROSARIO,BLACKWATER ELITE,#18,F,https://www.pba.ph/players/jeth-troy-rosario,https://dashboard.pba.ph/assets/players/Rosario.png
MARK ANTHONY BORBORAN,RAIN OR SHINE ELASTOPAINTERS,#16,F,https://www.pba.ph/players/mark-anthony-borboran,https://dashboard.pba.ph/assets/players/Borboran-ros.png
JUAN MIGUEL TIONGSON,TERRAFIRMA DYIP,#3,G,https://www.pba.ph/players/juan-miguel-tiongson,https://dashboard.pba.ph/assets/players/Tiongson_copy.png
JETH TROY ROSARIO,BLACKWATER ELITE,#18,F,https://www.pba.ph/players/jeth-troy-rosario,https://dashboard.pba.ph/assets/players/Rosario.png
SIMON ENCISO,SAN MIGUEL BEERMEN,#0,G,https://www.pba.ph/players/simon-enciso,https://dashboard.pba.ph/assets/players/Enciso.jpg
BASER AMER,BLACKWATER ELITE,#9,G,https://www.pba.ph/players/baser-amer,https://dashboard.pba.ph/assets/players/Amer.jpg
ARVIN TOLENTINO,NORTH PORT BATANG PIER,#10,F,https://www.pba.ph/players/arvin-tolentino,https://dashboard.pba.ph/assets/players/gin-tolentino-a2022.png
HAYDEN JOEL BLANKLEY,BAY AREA DRAGONS,#11,,https://www.pba.ph/players/hayden-joel-blankley,https://dashboard.pba.ph/assets/players/Hayden-Blankley.png
CHRIS ROSS,SAN MIGUEL BEERMEN,#6,G,https://www.pba.ph/players/chris-ross,https://dashboard.pba.ph/assets/players/smb-Ross2022c.png
VIC MANUEL,SAN MIGUEL BEERMEN,#87,F,https://www.pba.ph/players/vic-manuel,https://dashboard.pba.ph/assets/players/Manuel.jpg
VIC MANUEL,SAN MIGUEL BEERMEN,#87,F,https://www.pba.ph/players/vic-manuel,https://dashboard.pba.ph/assets/players/Manuel.jpg
DAVE MARCELO,TNT TROPANG GIGA,#22,C,https://www.pba.ph/players/dave-marcelo,https://dashboard.pba.ph/assets/players/Marcelo.jpg
DAVE MARCELO,TNT TROPANG GIGA,#22,C,https://www.pba.ph/players/dave-marcelo,https://dashboard.pba.ph/assets/players/Marcelo.jpg
ALJON MARIANO,BARANGAY GINEBRA SAN MIGUEL,#31,F,https://www.pba.ph/players/aljon-mariano,https://dashboard.pba.ph/assets/players/gin-mariano-a2022.png
ALJON MARIANO,BARANGAY GINEBRA SAN MIGUEL,#31,F,https://www.pba.ph/players/aljon-mariano,https://dashboard.pba.ph/assets/players/gin-mariano-a2022.png
RASHAWN MCCARTHY,BLACKWATER ELITE,#10,G,https://www.pba.ph/players/rashawn-mccarthy,https://dashboard.pba.ph/assets/players/McCarthy.jpg
RASHAWN MCCARTHY,BLACKWATER ELITE,#10,G,https://www.pba.ph/players/rashawn-mccarthy,https://dashboard.pba.ph/assets/players/McCarthy.jpg
KJ MCDANIELS,MERALCO BOLTS,#14,C,https://www.pba.ph/players/kj-mcdaniels,https://dashboard.pba.ph/assets/players/nlx-mcdaniels2021.png
CALVIN ABUEVA,MAGNOLIA CHICKEN TIMPLADOS HOTSHOTS,#13,F,https://www.pba.ph/players/calvin-abueva,https://dashboard.pba.ph/assets/players/mag-calvin-2021.png
KJ MCDANIELS,MERALCO BOLTS,#14,C,https://www.pba.ph/players/kj-mcdaniels,https://dashboard.pba.ph/assets/players/nlx-mcdaniels2021.png
ALJUN MELECIO,CONVERGE FIBERXERS,#11,G,https://www.pba.ph/players/aljun-melecio,https://dashboard.pba.ph/assets/players/Melecio.png
JAYSON DAVID,BARANGAY GINEBRA SAN MIGUEL,#24,G,https://www.pba.ph/players/jayson-david,https://dashboard.pba.ph/assets/players/gin-david-j2022.png
ALJUN MELECIO,CONVERGE FIBERXERS,#11,G,https://www.pba.ph/players/aljun-melecio,https://dashboard.pba.ph/assets/players/Melecio.png
JAYSON DAVID,BARANGAY GINEBRA SAN MIGUEL,#24,G,https://www.pba.ph/players/jayson-david,https://dashboard.pba.ph/assets/players/gin-david-j2022.png
JUSTIN MELTON,BLACKWATER ELITE,#2,G,https://www.pba.ph/players/justin-melton,https://dashboard.pba.ph/assets/players/Melton.jpg
JUSTIN MELTON,BLACKWATER ELITE,#2,G,https://www.pba.ph/players/justin-melton,https://dashboard.pba.ph/assets/players/Melton.jpg
JONATHAN JED MENDOZA,MAGNOLIA CHICKEN TIMPLADOS HOTSHOTS,#65,F,https://www.pba.ph/players/jonathan-jed-mendoza,https://dashboard.pba.ph/assets/players/noimage.png
KEVIN LOUIE ALAS,NLEX ROAD WARRIORS,#7,,https://www.pba.ph/players/kevin-louie-alas,https://dashboard.pba.ph/assets/players/Alas.png
JONATHAN JED MENDOZA,MAGNOLIA CHICKEN TIMPLADOS HOTSHOTS,#65,F,https://www.pba.ph/players/jonathan-jed-mendoza,https://dashboard.pba.ph/assets/players/noimage.png
KEVIN LOUIE ALAS,NLEX ROAD WARRIORS,#7,,https://www.pba.ph/players/kevin-louie-alas,https://dashboard.pba.ph/assets/players/Alas.png
QUINCY MILLER,CONVERGE FIBERXERS,#30,C,https://www.pba.ph/players/quincy-miller,https://dashboard.pba.ph/assets/players/noimage.png
